nthreads,ncores,nworkers,nbytes,chunksize,cloud_source,system,format,runtime,throughput_MBps
6,6,3,25806600000,114696000,ftp_duke,Ceres,gdal_vrt,246.27729558944702,104.78676054255735
12,12,6,25806600000,114696000,ftp_duke,Ceres,gdal_vrt,127.26282382011414,202.78192189478366
24,24,12,25806600000,114696000,ftp_duke,Ceres,gdal_vrt,71.16306495666504,362.64036710216186
36,36,18,25806600000,114696000,ftp_duke,Ceres,gdal_vrt,49.40002417564392,522.4005540613405
60,60,30,25806600000,114696000,ftp_duke,Ceres,gdal_vrt,38.75089502334595,665.9613922324245
84,84,42,25806600000,114696000,ftp_duke,Ceres,gdal_vrt,34.11825394630432,756.3868901560644
132,132,66,25806600000,114696000,ftp_duke,Ceres,gdal_vrt,35.107969522476196,735.0638715656444
180,180,90,25806600000,114696000,ftp_duke,Ceres,gdal_vrt,34.60661721229553,745.7128745548428
