nthreads,ncores,nworkers,nbytes,chunksize,cloud_source,system,format,runtime,throughput_MBps
180,180,90,165150720000,161280000,aws,Ceres,zarr,65.97538828849792,2503.2170978339236
132,132,66,165150720000,161280000,aws,Ceres,zarr,75.82608890533447,2178.0197605362896
84,84,42,165150720000,161280000,aws,Ceres,zarr,98.38146257400513,1678.6772190520066
60,60,30,165150720000,161280000,aws,Ceres,zarr,90.42329263687134,1826.4178972471693
36,36,18,165150720000,161280000,aws,Ceres,zarr,106.38960194587708,1552.320123201665
24,24,12,165150720000,161280000,aws,Ceres,zarr,121.79546475410461,1355.9677310926659
12,12,6,165150720000,161280000,aws,Ceres,zarr,216.3077461719513,763.49887104235
6,6,3,165150720000,161280000,aws,Ceres,zarr,440.6848635673523,374.75922967515106
