nthreads,ncores,nworkers,nbytes,chunksize,cloud_source,system,format,runtime,throughput_MBps
6,6,3,7464960000,116640000,gee,Ceres,gdal_eedai,173.36437487602234,43.05936560114152
12,12,6,7464960000,116640000,gee,Ceres,gdal_eedai,88.49840593338013,84.35134984939137
24,24,12,7464960000,116640000,gee,Ceres,gdal_eedai,161.61493515968323,46.18979052043838
36,36,18,7464960000,116640000,gee,Ceres,gdal_eedai,279.76530289649963,26.68293717166812
60,60,30,7464960000,116640000,gee,Ceres,gdal_eedai,438.15939259529114,17.037087704051707
