nthreads,ncores,nworkers,nbytes,chunksize,cloud_source,system,format,runtime,throughput_MBps
6,6,3,27256320000,161280000,aws,Ceres,zarr,96.9442834854126,281.15448399906234
12,12,6,27256320000,161280000,aws,Ceres,zarr,58.097681522369385,469.1464321085771
24,24,12,27256320000,161280000,aws,Ceres,zarr,28.702601432800293,949.6114860464343
36,36,18,27256320000,161280000,aws,Ceres,zarr,28.0355703830719,972.2049392102821
60,60,30,27256320000,161280000,aws,Ceres,zarr,24.201953649520874,1126.2032972507404
84,84,42,27256320000,161280000,aws,Ceres,zarr,23.84924054145813,1142.8590337130108
132,132,66,27256320000,161280000,aws,Ceres,zarr,20.0560405254364,1359.0080238136597
180,180,90,27256320000,161280000,aws,Ceres,zarr,21.630379915237427,1260.094372212085
