nthreads,ncores,nworkers,nbytes,chunksize,cloud_source,system,format,runtime,throughput_MBps
6,6,3,148462991530,62500000,local,Ceres,zarr,79.55755567550659,1866.1080053230864
12,12,6,148462991530,62500000,local,Ceres,zarr,41.33043932914734,3592.0980744402564
24,24,12,148462991530,62500000,local,Ceres,zarr,23.38299584388733,6349.186071844189
36,36,18,148462991530,62500000,local,Ceres,zarr,17.01577854156494,8725.019026743037
60,60,30,148462991530,62500000,local,Ceres,zarr,11.172194957733154,13288.61446579368
84,84,42,148462991530,62500000,local,Ceres,zarr,9.040550231933594,16421.89775192994
132,132,66,148462991530,62500000,local,Ceres,zarr,6.912683725357056,21476.896300840315
180,180,90,148462991530,62500000,local,Ceres,zarr,5.386072397232056,27564.239872879592
